{
  "root_group": {
    "name": "",
    "path": "",
    "id": "d41d8cd98f00b204e9800998ecf8427e",
    "groups": {},
    "checks": {}
  },
  "metrics": {
    "vus": {
      "min": 1,
      "max": 200,
      "value": 1
    },
    "db_read_success": {
      "passes": 0,
      "fails": 0,
      "thresholds": {
        "rate>0.99": false
      },
      "value": 0
    },
    "db_read_duration": {
      "med": 0,
      "max": 0,
      "p(90)": 0,
      "p(95)": 0,
      "avg": 0,
      "min": 0,
      "thresholds": {
        "p(95)<300": false
      }
    },
    "http_req_duration": {
      "avg": 9868.229809019822,
      "min": 180.5729,
      "med": 7152.21615,
      "max": 25664.0272,
      "p(90)": 19618.09645,
      "p(95)": 21135.821255,
      "thresholds": {
        "p(99)<1000": true,
        "p(95)<500": true
      }
    },
    "http_req_blocked": {
      "max": 266.7215,
      "p(90)": 0,
      "p(95)": 0,
      "avg": 0.9372089797554624,
      "min": 0,
      "med": 0
    },
    "http_reqs": {
      "count": 9978,
      "rate": 12.790081309736074
    },
    "data_sent": {
      "count": 766721,
      "rate": 982.8045632273153
    },
    "iteration_duration": {
      "max": 25664.0272,
      "p(90)": 19618.09645,
      "p(95)": 21135.821255,
      "avg": 9869.625305822774,
      "min": 180.5729,
      "med": 7154.838900000001
    },
    "http_req_failed": {
      "fails": 8592,
      "passes": 1386,
      "thresholds": {
        "rate<0.01": true
      },
      "value": 0.13890559230306676
    },
    "http_req_duration{expected_response:true}": {
      "min": 180.5729,
      "med": 10800.59845,
      "max": 25664.0272,
      "p(90)": 19982.495890000002,
      "p(95)": 21407.108935,
      "avg": 11054.185940048843
    },
    "http_req_sending": {
      "p(95)": 1.0224749999999998,
      "avg": 0.4572140408899579,
      "min": 0,
      "med": 0,
      "max": 308.3608,
      "p(90)": 0.9993
    },
    "http_req_receiving": {
      "med": 0,
      "max": 317.3482,
      "p(90)": 1.0021,
      "p(95)": 1.5474099999999986,
      "avg": 0.4597052415313694,
      "min": 0
    },
    "vus_max": {
      "value": 200,
      "min": 200,
      "max": 200
    },
    "http_req_waiting": {
      "avg": 9867.312889737404,
      "min": 179.9987,
      "med": 7151.4373,
      "max": 25664.0272,
      "p(90)": 19617.66832,
      "p(95)": 21134.205794999998
    },
    "http_req_connecting": {
      "avg": 0.288452846261776,
      "min": 0,
      "med": 0,
      "max": 117.0314,
      "p(90)": 0,
      "p(95)": 0
    },
    "http_req_tls_handshaking": {
      "med": 0,
      "max": 246.9542,
      "p(90)": 0,
      "p(95)": 0,
      "avg": 0.6380887251954297,
      "min": 0
    },
    "iterations": {
      "count": 9978,
      "rate": 12.790081309736074
    },
    "data_received": {
      "count": 15533581,
      "rate": 19911.381441308014
    }
  }
}
